-1294.7 363.841 3267.54, -1296.86 245.341 3262.55, -1270.26 248.356 3164.03, -1323.46 242.326 3361.07, -1310.48 52.8648 3162.41, -1244.75 91.1181 3285.38, -1253.41 -198.421 3106.34, -1263.12 181.822 3119.06, -1303.24 117.666 3256.92, -1301.37 -9.07501 3220.75, -1317.86 -10.9442 3281.83, -1280.19 -275.638 3214.07, -1297.45 -210.731 3258.69, -1198.12 -395.065 3055.9, -1191.77 -360.39 3024.21
-1296.58 360.382 3276.01, -1299.39 249.679 3265.22, -1272.66 251.65 3169.03, -1326.12 247.708 3361.41, -1310.57 40.1473 3156.76, -1245.42 105.728 3288.4, -1257.72 -192.076 3123.55, -1267.3 198.812 3123.97, -1302.6 122.621 3261.72, -1297.88 -3.85232 3229.68, -1313.75 -5.02244 3286.78, -1280.2 -270.702 3202.5, -1261.46 -204.757 3147.89, -1186.49 -403.092 3022.12, -1187.1 -365.712 3032.28
-1293.02 358.788 3279.23, -1297.97 257.552 3252.37, -1278.87 254.221 3155.37, -1317.08 260.883 3349.36, -1310.52 37.7446 3119.53, -1244.03 132.868 3300.13, -1280.76 -235.111 3139.15, -1267.25 227.641 3136.07, -1301.51 133.327 3255.94, -1298.42 7.9481 3225.91, -1311.66 10.2561 3293.11, -1268.52 -257.91 3151.04, -1245.94 -209.534 3116.97, -1186.95 -396.061 3030.25, -1177.86 -376.006 3041.84
-1290.33 358.109 3280.74, -1299.48 246.974 3283.13, -1279.81 261.124 3165.03, -1319.15 232.825 3401.22, -1310.95 51.8544 3115.1, -1235.58 122.261 3294.38, -1399.28 -279.919 3241.38, -1265.82 214.562 3134.19, -1302.98 128.199 3268.31, -1299.96 14.1191 3214.32, -1313.01 4.72991 3292.68, -1255.8 -254.363 3150.61, -1263.91 -175.783 3119.15, -1166.54 -412.505 3032.61, -1173.25 -390.345 3061.18
-1337.18 366.715 3450.24, -1289.26 248.254 3289.02, -1232.21 262.968 3210.46, -1346.31 233.539 3367.59, -1265.86 -2.32742 3226.5, -1276.1 76.3001 3288.52, -1367.39 -280.611 3242.61, -1313.43 201.51 3132.66, -1269.75 98.6436 3275.17, -1198.9 -37.7232 3190.61, -1301.59 -64.2093 3332.02, -1299.81 -165.482 3103.54, -1288.24 -295.228 3414.28, -1168.14 -335.787 3006.42, -1172.6 -456.379 3113.64
-1329.43 368.285 3408.12, -1287.27 233.755 3277.51, -1268.94 216.599 3192.04, -1305.6 250.91 3362.98, -1309.94 -27.3003 3241.27, -1243.53 84.7559 3306.78, -1393.26 -283.315 3223.44, -1276.25 182.306 3139.54, -1309.57 95.8003 3300.42, -1320.37 -52.9217 3269.68, -1343.38 -31.3863 3376.97, -1246.22 -190.2 3065.38, -1338.91 -271.918 3364.78, -1116.72 -365.53 2963.85, -1196.94 -436.53 3181.73
-1313.84 363.43 3368.66, -1288.42 214.796 3285.82, -1275.44 195.279 3193.24, -1301.4 234.312 3378.4, -1280.71 -23.4125 3182.55, -1245.56 64.3968 3308.16, -1204.93 -272.937 3096.07, -1256.82 153.496 3148.24, -1310.01 84.8348 3310.19, -1321.44 -60.3795 3262.2, -1341.73 -29.8723 3406.92, -1226.1 -25.093 3049.49, -1391.03 -180.661 3189.88, -1155.36 -321.422 3022.22, -1272.87 -354.873 3378.3
-1297.99 366.479 3340.17, -1277.38 204.826 3283.84, -1256.75 183.317 3187.1, -1298.01 226.336 3380.59, -1271.56 -23.3683 3161.84, -1210.28 53.1904 3309.16, -1183.18 -291.532 3087.84, -1261.12 230.29 3168.41, -1302.2 75.4487 3307.32, -1310.17 -71.4993 3251.76, -1343.88 -36.3587 3409.81, -1217.77 -17.328 3060.45, -1287.1 -204.672 3205.64, -1173.51 -305.629 3060.69, -1206.3 -428.092 3239.19
-1274.35 373.491 3355.56, -1278.41 203.82 3278.01, -1256.96 188.731 3184.21, -1299.87 218.909 3371.82, -1268.04 -15.4725 3149.53, -1218.96 52.5621 3309.93, -1287.85 -259.018 3212.12, -1250.4 120.273 3161.57, -1295.1 69.5592 3295.79, -1291.37 -79.0621 3224.3, -1332.2 -50.3413 3402.85, -1235.53 -336.488 3247.52, -1252.96 -228.561 3194.86, -1180.09 -295.538 3078, -1157.14 -481.614 3103.4
-1269.28 334.654 3358.56, -1277.46 202.29 3278.43, -1256.74 190.026 3183.45, -1298.18 214.555 3373.41, -1266.69 -12.334 3141.66, -1218.5 51.9234 3304.97, -1297.29 -256.598 3226.36, -1245.09 108.559 3148.82, -1291.89 65.8709 3292.89, -1286.08 -82.5291 3214.58, -1326.56 -58.5682 3400.14, -1235.86 -338.281 3256.13, -1262.72 -250.537 3218.58, -1178.02 -289.397 3081.63, -1154.51 -483.062 3097.64
-1264.42 324.868 3318.6, -1277.36 192.338 3259.85, -1258 172.724 3152.88, -1296.72 211.951 3366.82, -1262.16 -18.3032 3141.61, -1216.35 56.4457 3292.84, -1306.67 -263.876 3239.41, -1243.2 125.92 3175.51, -1288.42 58.6882 3282.35, -1282.48 -92.1765 3210.97, -1316.47 -57.7458 3398.75, -1244.55 -332.898 3255.81, -1236.32 -265.319 3196.07, -1166.78 -289.993 3068.48, -1145.36 -482.93 3101.85
-1239.67 328.079 3306.91, -1272.71 186.616 3255.52, -1245.13 169.287 3142.83, -1300.29 203.945 3368.2, -1253.98 -13.8446 3142.47, -1218.81 52.0651 3282.62, -1361.69 -252.312 3228.21, -1233.69 117.794 3162.49, -1277.06 54.4922 3274.77, -1256 -93.5931 3190.23, -1306.81 -61.6705 3397.82, -1255.96 -321.441 3268.06, -1241.3 -267.604 3199.08, -1222.9 -469.528 3467.22, -1138.13 -481.748 3108.62
-1238.23 321.015 3296.91, -1263.01 168.888 3251.71, -1188.57 154.853 3147.47, -1337.44 182.923 3355.94, -1209.83 -37.8566 3171.07, -1251.86 39.7779 3251.51, -1321.66 -250.27 3241.34, -1337.79 153.772 3190.6, -1290.77 8.68407 3253.45, -1266.9 -161.258 3182.88, -1370.18 -141.783 3327.51, -1269.26 -313.833 3244.69, -1191.89 -212.902 3165.86, -1235.09 -480.67 3423.19, -1137.84 -445.889 3119.84
-1228.5 315.574 3263.33, -1267.15 162.173 3241.04, -1197.66 144.972 3124.13, -1336.65 179.374 3357.95, -1208.77 -47.6754 3173.57, -1221.07 32.6587 3256.7, -1322.9 -264.533 3233.84, -1328.56 142.291 3183.18, -1283.65 15.1179 3252.87, -1253.43 -143.501 3186.09, -1346.88 -120.373 3343.29, -1271.94 -271.205 3235.35, -1196.63 -240.51 3182.98, -1186.94 -249.6 3014.73, -1134.85 -466.716 3132.67
-1217.79 308.043 3248.89, -1266.19 142.337 3243.33, -1206.39 125.592 3118.21, -1325.99 159.082 3368.45, -1207.29 -61.973 3166.96, -1198.63 25.3475 3260.29, -1080.65 83.6808 3312.02, -1308.56 168.517 3197.15, -1280.45 13.5693 3253.75, -1253.4 -126.768 3177.71, -1336.03 -103.628 3350.61, -1276.4 -254.059 3232.15, -1188.3 -262.914 3181.18, -1184.77 -297.078 3099.99, -1133.2 -485.032 3143.53
-1201.44 299.472 3244.37, -1261.17 131.541 3251.35, -1180.27 104.613 3143.84, -1342.07 158.469 3358.86, -1185.94 -80.0583 3182.53, -1213.12 42.3853 3242.27, -1053.34 55.0654 3333.7, -1353.36 197.164 3204.26, -1289.9 10.1845 3260.13, -1248.76 -134.425 3176.06, -1388.49 -87.9184 3361.75, -1258.21 -199.412 3183.2, -1200.58 -284.306 3242.58, -1154.75 -308.607 3000.01, -1146.97 -501.69 3183.47
-1205.49 297.987 3252.63, -1219.35 128.415 3150.03, -1143.46 153.556 3190.12, -1295.25 103.275 3109.94, -1194.15 -79.9343 3160.92, -1256.08 -120.74 3141.61, -1062.93 -36.5492 3327.71, -1251.74 119.527 3170.8, -1255.48 74.3733 3252.31, -1227.38 41.606 3388.52, -1355.83 -0.943832 3320.67, -1219.48 -195.535 3286.89, -1289.79 -248.991 3209.76, -1140.33 -352.074 3177.19, -1174.33 -462.876 3053.89
-1196.78 294.186 3261.42, -1223.14 132.036 3163.27, -1147 142.007 3190.77, -1299.28 122.064 3135.77, -1197.5 -67.4579 3144.67, -1218.53 37.0164 3231.66, -1307.41 -354.614 3262.14, -1245.34 140.443 3162.71, -1254.66 72.1095 3272.27, -1210.64 22.0758 3408.55, -1361.7 2.29133 3353.99, -1204.85 -216.688 3208.09, -1277.08 -267.209 3213.86, -1113.08 -367.897 3145.06, -1188.18 -452.169 3100.52
-1194.41 271.879 3257.01, -1226.78 131.593 3164.41, -1152.75 145.821 3185.29, -1300.81 117.365 3143.54, -1206.36 -51.1487 3138.93, -1197.28 27.0081 3216.08, -1310.58 -332.434 3265.24, -1230.93 120.262 3184.96, -1246.81 73.1997 3275.27, -1204.76 26.7382 3403.63, -1328.93 2.87393 3368.62, -1184.32 -193.558 3216.93, -1272.36 -272.761 3212.03, -1104.81 -356.721 3105.65, -1189.31 -457.823 3087.69
-1197.51 259.84 3263.78, -1222.35 139.319 3182.43, -1202.43 84.6463 3141.37, -1242.26 193.991 3223.49, -1252.97 -107.791 3098.05, -1147.12 82.322 3261.46, -1361.24 -393.671 3227.53, -1185.99 175.922 3214.71, -1249.37 83.866 3243.15, -1256.24 -26.9221 3262.31, -1296.56 83.7487 3345.43, -1198.96 -295.469 3256.56, -1244.25 -182.835 3200.44, -1210.91 -500.195 3254.18, -1160.17 -363.411 3071.99
-1197.45 249.1 3263.78, -1221.38 157.474 3244.63, -1213.11 131.347 3149.82, -1229.64 183.601 3339.44, -1248.4 -55.1262 3121.16, -1132.2 32.9025 3243.97, -1373.22 -344.307 3244.8, -1164.35 -216.623 3124.64, -1241.85 98.645 3259.05, -1256.1 20.1566 3202.14, -1268.54 59.4756 3344.82, -1212.73 -264.297 3187.23, -1225.06 -242.933 3225.11, -1218.36 -480.097 3223.84, -1145.85 -392.878 3093.37
-1194.65 244.725 3261.98, -1224.19 145.745 3247.49, -1212.27 111.463 3155.12, -1236.11 180.027 3339.86, -1238.42 -57.2803 3129.04, -1135.39 30.9478 3237.06, -1370.17 -345.791 3256.23, -1160.46 -247.541 3107.43, -1246.04 72.8185 3271.74, -1259.38 -24.5665 3230.08, -1276.39 24.3502 3361.88, -1210.9 -250.493 3174.07, -1235.53 -291.681 3278.89, -1173.96 -448.301 3158.17, -1154.98 -430.661 3108.18
-1190.68 249.431 3263.14, -1228.81 137.679 3252.9, -1234.85 111.912 3167.36, -1222.78 163.445 3338.44, -1252.08 -40.4658 3130, -1135.48 39.4071 3257.03, -1381.29 -323.164 3249.84, -1147.95 -245.701 3107.05, -1260.92 70.1164 3275.51, -1297.66 -17.2946 3232.23, -1288.37 22.4029 3364.02, -1180.63 -208.788 3141.61, -1248.25 -293.782 3287.05, -1149.8 -439.069 3134.66, -1160.06 -463.746 3087.9
-1143.44 370.338 3350.3, -1215.81 173.012 3261.13, -1224.17 170.425 3158.66, -1207.44 175.599 3363.61, -1262.08 24.1413 3143.57, -1141.36 137.908 3255.41, -1398.39 -320.431 3233.23, -1025.19 40.4132 3341.99, -1246.97 117.827 3265.07, -1284.16 60.7786 3195.21, -1272.12 64.5044 3342.8, -1193.63 -234.522 3156.48, -1221.06 -206.179 3167.75, -1182.49 -487.163 3182.32, -1126.31 -387.164 3072.55
-1217.83 357.549 3391.46, -1210.06 189.757 3272.26, -1209.78 187.793 3166.57, -1210.33 191.721 3377.94, -1254.79 19.5214 3144.19, -1113.09 136.274 3282.1, -1398.39 -328.177 3227.37, -1000.6 67.9293 3373.76, -1246.85 123.128 3273.4, -1283.43 55.0201 3194.99, -1283.85 57.9774 3354.09, -1208.41 -219.299 3162.94, -1214.41 -204.186 3169.54, -1193.03 -485.678 3188.97, -1122.67 -391.066 3069.86
-1200.6 367.608 3396.06, -1204.01 244.169 3327.21, -1179.73 271.815 3201.14, -1228.29 216.523 3453.28, -1235.99 104.293 3184.03, -1083.04 131.355 3313.45, -1368.25 -239.764 3241.61, -967.174 103.095 3413.62, -1243.54 149.303 3298.79, -1268.92 70.5502 3196.9, -1297.22 38.3249 3343.85, -1206.9 -190.926 3181.8, -1227.08 -213.274 3166.91, -1185.31 -469.031 3198.32, -1143.36 -404.414 3073.74
-1223.56 383.455 3424.09, -1208 248.867 3335.43, -1184.18 268.634 3215.64, -1231.82 229.1 3455.23, -1255.63 85.8093 3202.48, -1121.29 207.357 3319.49, -1368.14 -245.223 3249.67, -960.27 196.436 3443.3, -1248.47 148.14 3310.76, -1276.61 57.6513 3224.05, -1301.29 37.1738 3348.14, -1189.02 -197.373 3198.92, -1208.16 -174.601 3133.27, -1206 -461.038 3206.3, -1140.83 -406.805 3076.66
-1232.47 394.15 3439.01, -1211.45 251.174 3339.59, -1184.92 266.706 3223.86, -1237.98 235.641 3455.32, -1252.67 79.1026 3210.15, -1081.17 256.58 3352.57, -1361.94 -246.604 3248.53, -942.946 297.799 3463.36, -1245.14 142.948 3317.34, -1266.79 41.77 3242.58, -1290.86 27.6726 3347.61, -1206.37 -176.325 3191.48, -1204.22 -162.406 3140.03, -1219.28 -440.296 3219.1, -1148.75 -411.383 3089.34
-1230.93 406.368 3454.97, -1215.27 266.459 3355.16, -1196.49 282.065 3252.86, -1234.04 250.854 3457.45, -1259.56 70.3017 3206.71, -1146.43 330.965 3333.89, -1372.64 -264.742 3240.38, -1061.24 312.375 3471.18, -1249.41 151.189 3331.3, -1275.93 42.2562 3265.92, -1291.18 29.583 3348.99, -1211.49 -176.827 3184.26, -1205.39 -158.345 3132.75, -1224.64 -439.003 3234.47, -1152.89 -410.005 3096.09
-1226.74 414.267 3431.58, -1243.01 270.211 3313.54, -1210.68 265.952 3247.5, -1275.34 274.469 3379.58, -1280.24 62.6243 3188.4, -1136.93 366.866 3363.72, -1388.36 -289.55 3226.34, -1039.76 354.289 3478.26, -1263.01 152.203 3311.35, -1261.79 31.4007 3265.83, -1304.22 36.9898 3352.51, -1199.18 -192.166 3185.63, -1221.15 -143.232 3121.31, -1213.54 -457.261 3253.34, -1166.8 -394.616 3095.11
-1222.1 417.489 3421.63, -1240.14 270.512 3325.64, -1213.15 274.066 3249.63, -1267.13 266.958 3401.64, -1258.7 73.2003 3175.86, -1149.7 371.322 3385.95, -1361.74 -202.795 3271, -1001.31 481.87 3472.2, -1259.99 152.672 3313.08, -1256.58 37.8946 3235.04, -1303.09 31.7704 3366.01, -1189.93 -173.739 3177, -1220.22 -145.175 3125.83, -1227.87 -406.978 3140.59, -1162.15 -397.568 3100.65
-1211.15 415.234 3410.9, -1245.4 269.793 3352.22, -1237.96 256.396 3258.86, -1252.84 283.191 3445.58, -1249.36 83.7271 3201.41, -1200.28 459.889 3331.29, -1366.86 -167.389 3256.68, -1033.49 566.637 3440.96, -1272.83 148.447 3367.45, -1296.34 20.0321 3333.42, -1304.19 34.1694 3431.93, -1236.62 -301.101 3391.34, -1245.38 -134.405 3248.22, -1173.96 -566.599 3430.92, -1177.68 -397.555 3222.99
-1192.56 412.897 3379.3, -1244.27 271.263 3351.72, -1245.73 268.217 3256.12, -1242.82 274.31 3447.32, -1240.34 126.024 3223.69, -1167.51 450.26 3370.05, -1379.24 -188.205 3264.43, -1013.55 522.547 3480.23, -1268.95 151.993 3355.9, -1294.75 30.3527 3285.69, -1292.49 35.0929 3434.45, -1156.88 -93.4835 3043.64, -1256.63 -94.1767 3667.82, -1194.36 -357.614 3051.89, -1181.25 -392.508 3250.17
-1179.63 406.105 3359.17, -1241.57 274.05 3353.75, -1220.88 309.795 3265.81, -1262.27 238.305 3441.69, -1203.55 197.25 3251.66, -1146.83 414.098 3359.83, -1354.83 -35.0513 3256.62, -1041.51 495.106 3477.56, -1236.3 161.146 3309.1, -1226.83 55.4841 3246.63, -1235.22 41.0003 3282.26, -1163.45 -108.023 3179.27, -1239.98 -181.487 3378.52, -1186.05 -368.514 3174.25, -1161.84 -367.891 3099.93
-1171.74 400.437 3351.57, -1240.69 272.931 3357.62, -1222.78 302.212 3258.68, -1258.61 243.65 3456.55, -1206.95 173.535 3237.51, -1159.2 422.247 3358.88, -1344.72 -75.0375 3266.37, -996.009 644.042 3473.78, -1243.12 160.973 3324.04, -1242.98 53.2145 3276.28, -1248.12 44.8176 3304.65, -1146.96 -120.028 3175.69, -1237.13 -192.458 3378.86, -1156.51 -351.331 3140.49, -1150.29 -372.979 3108.46
-1173.36 401.462 3357.52, -1239.09 270.026 3345.12, -1222.37 307.125 3242.57, -1255.8 232.928 3447.67, -1184.07 218.298 3264.72, -1159.08 407.21 3351.82, -1202.95 -102.855 3050.56, -1016.83 533.424 3429.98, -1232.51 134.638 3297.21, -1218.71 15.2569 3205.06, -1233.14 -16.7584 3293.56, -1196.79 -193.836 3276.47, -1237.7 -148.641 3423.25, -1116.81 -405.199 3082.1, -1129.51 -344.874 3167.64
-1164.4 368.999 3321.85, -1217.83 163.875 3315.85, -1137.32 180.153 3196.51, -1298.33 147.597 3435.19, -1235.04 -11.5061 3302.06, -1217.58 321.946 3358.59, -1335.42 -230.212 3226.41, -1064.39 458.75 3416.44, -1204.77 25.9861 3305.85, -1149.24 -103.315 3232.89, -1234.19 -120.491 3358.81, -1098.36 9.174 3006.06, -1079.65 -196.339 3217.06, -1028.75 -270.931 2983.76, -1089.43 -455.312 3207.34
-1163.97 358.417 3305.13, -1213.27 162.611 3316.46, -1122.29 191.911 3207.88, -1304.24 133.311 3425.05, -1216.18 4.6532 3310.15, -1235.25 306.021 3362.75, -1317.55 -213.871 3236.39, -1023.46 373.958 3279.45, -1198.41 37.1897 3295.07, -1120.6 -67.959 3198.55, -1246.49 -108.504 3348.81, -1070.22 49.288 2982.14, -1172.29 -242.161 3417.38, -1006.74 -223.222 2978.86, -1097.07 -483.994 3230.91
-1162.75 353.891 3298.41, -1212.88 175.514 3319.18, -1175.18 201.267 3188.61, -1250.58 149.76 3449.76, -1248.77 2.11888 3283.46, -1188.3 324.925 3406.16, -1365.1 -231.706 3227.81, -1008.79 366.604 3272.36, -1189.45 45.719 3300.35, -1146.93 -71.0329 3215.39, -1185.11 -97.1181 3347.64, -1220.01 99.5249 3099.48, -1119.85 -181.839 3313.91, -1246.41 -133.505 3121.75, -1048.23 -438.475 3209.67
-1161.98 375.04 3307.53, -1191.44 248.941 3365.41, -1147.2 266.576 3266.89, -1235.67 231.306 3463.93, -1252.38 -57.7101 3273.89, -1170.32 394.957 3405.18, -1331.01 -231.02 3264.3, -999.836 423.905 3251.52, -1174.65 108.427 3347.8, -1130.49 -21.1775 3269.23, -1185.22 -42.9976 3391.14, -1201.14 91.4582 3162.48, -1123.33 -160.459 3225.68, -1220.83 -139.791 3191.81, -1057.16 -427.694 3162.96
-1182.68 380.947 3308.69, -1187.12 261.793 3351.41, -1145.34 274.434 3253.28, -1228.9 249.152 3449.53, -1238.58 -57.3215 3269.79, -1182.78 381.446 3427.13, -1346.93 -281.847 3257.51, -982.367 420.699 3234.96, -1170.61 125.588 3340.89, -1133.27 -4.31296 3281.43, -1174.94 -16.9224 3379.31, -1195.46 37.132 3193.21, -1095.72 -133.331 3186.99, -1016.53 -331.242 3097.22, -1040.38 -401.111 3146.52
-1173.29 372.398 3301.55, -1141.41 288.822 3323.4, -1064.24 295.928 3191.16, -1218.57 281.715 3455.63, -1195.46 -24.9929 3257.86, -1160.74 401.772 3401.98, -1040.32 333.416 3201.91, -1022.99 442.894 3363.7, -1137.28 166.273 3319.22, -1101.08 46.6791 3260.06, -1165.24 40.7696 3370.02, -994.74 -160.284 3223.61, -1121.21 -198.561 3533.93, -1013.3 -380.366 3141.26, -1029.45 -351.619 3132.6
-1166.95 369.427 3296.73, -1133.88 293.934 3328.05, -1062.53 307.116 3198.67, -1205.22 280.753 3457.43, -1157.12 28.4683 3241.43, -1142.51 389.301 3383.6, -966.635 348.887 3180.89, -1008.24 423.966 3338.27, -1121.74 169.797 3322.1, -1078.34 51.4364 3259.44, -1140.88 39.883 3372.84, -991.452 -150.624 3221.37, -1123.31 -215.978 3531.81, -1039.25 -349.991 3239.39, -1029.74 -364.868 3129.92
-1143.02 388.912 3326.68, -1117.47 290.623 3317.99, -1046.5 326.224 3193.38, -1188.44 255.023 3442.6, -1154.31 63.5685 3285.36, -1119.71 359.487 3354.15, -1019.34 348.114 3196.66, -997.745 391.997 3310.38, -1095.3 154.753 3291.8, -1063.01 23.9646 3247.82, -1083.27 13.801 3283.39, -986.619 -167.408 3175.73, -1118.64 -192.799 3532.79, -1043.73 -368.586 3235.93, -1028.84 -338.313 3133.62
-1119.68 388.372 3316.88, -1115.93 282.152 3330.65, -1064.82 306.533 3228.78, -1167.04 257.771 3432.53, -1149.02 81.1588 3318.54, -1100.59 337.136 3330.83, -1155.28 316.278 3179.85, -990.247 384.781 3220.79, -1094.94 153.739 3310.45, -1060.74 31.6247 3263.93, -1087.15 19.0273 3316.57, -990.616 -155.117 3196.81, -1110.35 -201.114 3519.73, -1060.34 -362.191 3261.72, -1024.65 -341.12 3117.81
-1116.53 406.67 3333.75, -1054.98 286.784 3308.36, -1108.23 313.204 3407.68, -1001.73 260.364 3209.05, -1125.2 133.297 3355.56, -1093.38 283.212 3297.9, -996.856 213.499 3259.66, -981.902 326.979 3181.13, -1073.55 145.917 3335.88, -1117.43 17.6106 3410.61, -1066.81 -7.51025 3316.18, -1005.02 -129.461 3196.41, -1094.19 -222.979 3522.32, -1047.45 -356.079 3213.65, -1011.91 -368.818 3126.25
-1109.02 403.58 3330.88, -1026.38 250.522 3257.09, -1063.41 289.403 3330.93, -989.356 211.64 3183.24, -1127.75 203.062 3392.09, -1067.56 199.867 3260.76, -1040.6 286.294 3276.85, -1023.34 225.59 3196.65, -1054.11 124.706 3309.43, -1108.57 26.9723 3415.11, -1055.09 -29.1916 3308.44, -1187.41 -187.233 3396.07, -1095.64 -237.324 3519.06, -1031.67 -364.637 3240.99, -1018.09 -388.309 3128.24
-1028.2 417.819 3228.28, -1030.35 266.829 3276.46, -1069.71 304.9 3375.15, -990.997 228.757 3177.77, -1118.9 194.839 3408.33, -1054.66 189.664 3246.56, -1091.34 239.877 3302.09, -953.853 230.449 3130.81, -1055.6 132.324 3318.28, -1104.56 20.7512 3419.54, -1057.14 -25.1143 3300.65, -1081.15 -262.846 3566.84, -1086.43 -234.686 3490.11, -1031.37 -367.761 3245.6, -1007.1 -413.832 3095.37
-1027.26 407.949 3207.73, -1025.68 253.913 3259.8, -1082.4 311.599 3353.16, -968.952 196.227 3166.44, -1127.95 189.956 3392.17, -920.949 -0.243591 3111.01, -1227.33 -90.1852 3397.18, -981.196 -240.722 3210.69, -1047.85 133.597 3320.67, -1099.98 43.7587 3430.87, -1040.04 -17.1964 3332.22, -967.093 -38.6738 3162.65, -1027.7 -137.708 3140.69, -1016.02 -296.014 3130.64, -1012.46 -424.294 3103.76
-1032.73 405.442 3192.07, -1018.73 248.799 3254.09, -1070.71 315.807 3351.52, -966.743 181.791 3156.66, -1115.83 194.468 3410.74, -928.53 -1.19106 3136.65, -1252.56 -130.634 3249.04, -990.03 -233.285 3197.37, -1045.5 132.262 3319.95, -1098.7 49.8016 3435.36, -1045.83 -18.3493 3336.27, -965.215 -34.46 3164.45, -1030.4 -146.351 3142.35, -1005.97 -292.125 3123.81, -1017.41 -419.053 3113.53
-1035.95 405.828 3182.79, -1014.08 245.139 3251.12, -1064.21 317.211 3350.66, -963.952 173.068 3151.59, -1103.51 190.469 3379.2, -936.726 4.13989 3158.58, -1258.34 -151.198 3246.4, -999.101 -230.698 3186.75, -1042.78 129.146 3320.66, -1096.67 49.3686 3440.21, -1046.29 -23.0633 3340.18, -978.17 -32.8662 3130.46, -1031.93 -175.225 3127.62, -998.325 -291.596 3117.86, -1012.87 -420.737 3114.21
-1041.49 405.088 3172.87, -1010.14 239.144 3247.39, -1039.71 311.694 3345.78, -980.574 166.594 3149.01, -1009.81 249.31 3127.24, -947.597 16.9254 3174.42, -1257.11 -212.396 3251.56, -1013.56 -240.97 3179.72, -1042.08 131.605 3317.09, -1089.02 60.8838 3436.73, -1059 -12.7535 3336.87, -967.149 -43.3257 3136.34, -1044.06 -212.839 3122.68, -990.769 -301.555 3121.25, -1017.16 -421.071 3109.97
-1064.86 413.243 3197.11, -1014.29 239.448 3242.17, -1008.73 319.25 3335.32, -1019.85 159.646 3149.01, -1003.23 221.952 3141.57, -1042.29 -73.573 3199.5, -1216.5 -217.602 3264.49, -1051.74 -263.245 3142.3, -1058.79 139.158 3330.73, -1101.87 59.1433 3442.97, -1104.7 18.5921 3395.64, -1001.12 -70.4197 3153.88, -1039.35 -201.335 3130.9, -1004.18 -326.778 3149.47, -1000.46 -447.201 3094.57
-1082.96 403.801 3177.19, -1067.13 358.679 3271.1, -1053.34 334.962 3157.82, -1080.92 382.397 3384.37, -1024.23 138.035 3158.08, -1112.94 356.833 3467.87, -1026.73 -25.8981 3155.15, -1004.06 436.327 3257.87, -1066.63 220.062 3300.18, -1056.37 64.6592 3249.1, -1075.89 98.2285 3409.43, -1031.43 -158.172 3153.76, -1015.75 -123.604 3133.16, -1026.41 -421.241 3149.48, -979.869 -373.122 3122.15
-1084.92 404.504 3184.21, -1066.9 359.025 3248.8, -1058.54 314.134 3133.44, -1075.25 403.915 3364.15, -1024.55 139 3157.82, -1105.62 366.288 3454.7, -1033.86 -50.6049 3164.96, -843.993 446.746 3282.77, -1066.72 228.41 3299.64, -1062.28 74.9592 3291.8, -1070.79 120.632 3409.16, -1037.15 -174.259 3152.65, -1040.18 -91.6306 3133.75, -1056.16 -438.505 3150.25, -986.86 -351.577 3133.57
-1099.19 462.831 3266.92, -1066.01 358.035 3228.13, -1062.75 309.639 3112.77, -1069.27 406.432 3343.49, -1034.31 126.771 3149.33, -1089.77 363.442 3449.08, -1038.73 -45.5727 3163, -869.973 408.889 3265.11, -1065.34 216.074 3287.7, -1063.18 52.0312 3294.64, -1066.15 96.1955 3399.91, -1029.21 -140.643 3156.5, -1051.99 -92.4815 3105.76, -1065.52 -410.794 3156.07, -1001.72 -363.719 3106.8
-1104.74 459.879 3260.08, -1044.98 335.802 3218.87, -1047.01 282.494 3099.07, -1042.94 389.11 3338.66, -1045.62 97.4404 3153.17, -1070.27 359.736 3433.64, -1049.19 -57.3089 3167.61, -814.475 261.131 3123.04, -1054.41 198.857 3279.97, -1064.72 39.1348 3289.88, -1062.98 84.691 3392.25, -1030.41 -137.321 3154.85, -1054.08 -83.6989 3106.16, -1060.82 -405.063 3133.13, -1003.89 -364.065 3092.77
-1107.69 457.842 3255.13, -1051.93 318.986 3227.41, -1055.07 303.985 3131.35, -1048.79 333.988 3323.47, -1038.46 128.674 3133.04, -1094.86 301.357 3517.9, -1047.23 -59.9987 3147.47, -1056.73 253.833 3324.83, -1070.21 178.819 3249.9, -1089.41 34.2827 3244.4, -1087.58 43.0226 3300.37, -1034.66 -132.991 3145.77, -1043.22 -206.472 3101.15, -1074.03 -419.31 3092.02, -996.288 -403.131 3113.95
-1106.66 456.008 3246.38, -1058.27 326.033 3251, -1064.53 343.966 3145.17, -1052 308.099 3356.82, -1047.28 149.705 3094.38, -1071.61 274.748 3428.97, -1045.22 -101.809 3135.76, -1045.44 -117.441 3034.34, -1070.17 197.202 3229.87, -1084.18 74.4245 3173.03, -1079.95 62.3194 3244.46, -1177.26 -137.437 3371.73, -1105.11 -224.97 3305.81, -1087.33 -410.302 3186.24, -1001.61 -434.806 3172.89
-1081.68 427.856 3269.89, -1088.58 307.285 3169.95, -1112.77 299.789 3136.63, -1064.4 314.781 3203.27, -1062.81 95.6746 3074.79, -1058.58 305.958 3409.81, -1074.66 -113.86 3139.93, -1045.37 -62.5457 3034.62, -1086.88 184.554 3196.32, -1095.6 58.5922 3208.34, -1074.76 65.053 3237.06, -1184.99 -141.572 3386.67, -1087.23 -202.059 3220.62, -1096.01 -419.142 3228.7, -990.045 -396.375 3150.33
